{
  "1": 0.45418739318847656,
  "10": 0.14901161193847656,
  "100": 1.3039112091064453,
  "1000": 11.626958847045898
}