{
  "1": 0.07295608520507812,
  "10": 0.11110305786132812,
  "100": 0.6127357482910156,
  "1000": 7.117271423339844
}